{
    "step": 12,
    "eval_loss": 0.6451334953308105,
    "eval_accuracy": 0.75,
    "eval_runtime": 0.0716,
    "eval_samples_per_second": 223.618,
    "eval_steps_per_second": 13.976,
    "epoch": 12.0,
    "train_runtime": 44.6406,
    "train_samples_per_second": 38.709,
    "train_steps_per_second": 4.839,
    "train_loss": 0.5379320780436198
}